id,salary_is_predicted,longitude,description,latitude,title,redirect_url,company,created,location,salary_max,salary_min,contract_time,category_label,category_tag
5848095644,0,17.03854,"Choosing Capgemini means choosing a company where you will be empowered to shape your career in the way you’d like, where you’ll be supported and inspired by a collaborative community of colleagues around the world, and where you’ll be able to reimagine what’s possible. Join us and help the world’s leading organizations unlock the value of technology and build a more sustainable, more inclusive world. Your role As a Business Data Analyst, you will have the opportunity to work on a wide range o …",51.10789,Business Data Analyst ServiceNow,https://www.adzuna.pl/land/ad/5848095644?se=Qgns4jnC8RG_PYTtY09nDQ&utm_medium=api&utm_source=227b256d&v=8FAED619E58209EA0E9F71C262970F25A0B8BDAC,Capgemini,2026-08-19 13:00:28+00:00,"Wrocław, dolnośląskie",,,,IT,it-jobs
5829010846,0,17.03854,"Choosing Capgemini means choosing a company where you will be empowered to shape your career in the way you’d like, where you’ll be supported and inspired by a collaborative community of colleagues around the world, and where you’ll be able to reimagine what’s possible. Join us and help the world’s leading organizations unlock the value of technology and build a more sustainable, more inclusive world. Your role As a Data Analyst you will lead complex process mining programs and ensure high-qual…",51.10789,Data Analyst Process Mining BI,https://www.adzuna.pl/land/ad/5829010846?se=Qgns4jnC8RG_PYTtY09nDQ&utm_medium=api&utm_source=227b256d&v=AD90223EFBCB6CE59CB25518804926466BEFD376,Capgemini,2026-08-05 12:54:52+00:00,"Wrocław, dolnośląskie",,,,IT,it-jobs
5818296173,0,17.03854,"HYBRID WORK MODEL: 3 DAYS PER WEEK (60%) IN OUR WROCLAW OFFICE AND 2 DAYS REMOTE About us Hi, we are Ten Square Games, and we live games! No, not a typo - but a level up from loving! We are on a mission of giving players excellent outdoor experiences on their mobiles. With global hits, such as Fishing Clash, we know how to make the best of technology, fun, and fair play. With 77 million registered players in 2024 and 300 people on board, we keep growing and learning, having the insatiable hunge…",51.10789,Mid Senior Data Analyst with Python f m d,https://www.adzuna.pl/land/ad/5818296173?se=Qgns4jnC8RG_PYTtY09nDQ&utm_medium=api&utm_source=227b256d&v=DABFDEF7C6A4720C47F53CA7282DBC67DD4F393A,Ten Square Games,2026-07-28 12:50:56+00:00,"Wrocław, dolnośląskie",,,,IT,it-jobs
5840228634,0,17.03854,"Do zespołu Data Platform poszukujemy programisty-analityka, który nie tylko będzie budował nowoczesne rozwiązania oparte na Apache Kafka, Kafka Connect, Spring Boot, MongoDB, GraphQL i Apache Iceberg, ale także będzie odpowiedzialny za analizę wymagań biznesowych oraz mapowanie danych pomiędzy systemami źródłowymi, platformą streamingową i bazą ODS opartą o MongoDB i usługi graphQL. Idealny kandydat potrafi rozmawiać z interesariuszami, przekształcać ich potrzeby w techniczne specyfikacje oraz …",51.10789,Data Platform Developer-Analyst,https://www.adzuna.pl/land/ad/5840228634?se=Qgns4jnC8RG_PYTtY09nDQ&utm_medium=api&utm_source=227b256d&v=70C956C30CDE95A9131A4FCA706F6B05B5716374,Upvanta sp. z o.o.,2026-08-13 12:57:07+00:00,"Wrocław, dolnośląskie",327600.0,277200.0,,IT,it-jobs
5909693818,0,17.03854,"Data Analyst Miejsce pracy: Wrocław Technologies we use Expected SQL Microsoft Excel Python About the project Continuous growth and agile way of collaboration defines our Business path. Everything we do – from requirements analysis, through testing to creating new solutions – is done with passion and high-quality assurance. With an open mind and business advisory craft at hand, our innovative teams lead our international clients to success. Your responsibilities Be a part of consulting or imple…",51.10789,Data Analyst,https://www.adzuna.pl/details/5909693818?utm_medium=api&utm_source=227b256d,Sollers Consulting,2026-10-03 10:24:00+00:00,"Wrocław, dolnośląskie",,,,IT,it-jobs
5855572777,0,17.01874,"Fetcherr builds responsible AI that transforms market complexity into measurable profit growth. At the core of the company is the Market Model - a proprietary AI-powered model delivering accurate, granular demand predictions with 96% forecast accuracy and real-time decision intelligence for commercial teams. Built on a glass-box architecture, it uses market data - not personal data - with full transparency into logic and outcomes. First deployed in global aviation, the technology is industry-ag…",51.11201,Data Analyst- Tableau,https://www.adzuna.pl/details/5855572777?utm_medium=api&utm_source=227b256d,Fetcherr,2026-08-25 17:48:37+00:00,"Wrocław, dolnośląskie",,,full_time,Unknown,unknown
5849803742,0,17.03854,"Ready for a challenge? Then Pyszne.pl might be the place for you. We’re a leading global online delivery platform, and our vision is to empower everyday convenience. Whether it’s a Friday-night feast, a post-gym poke bowl, or grabbing some groceries, our tech platform connects tens of millions of customers with hundreds of thousands of restaurant, grocery and convenience partners across the globe. About this role To make our customers and partners happy we are relying heavily on insights hidden…",51.10789,Business Data Analyst,https://www.adzuna.pl/details/5849803742?utm_medium=api&utm_source=227b256d,Just Eat,2026-08-20 17:49:59+00:00,"Wrocław, dolnośląskie",,,full_time,Unknown,unknown
5834199195,0,17.03854,"Undergraduate degree (degree in business analytics, statistics, math, or computer science is preferred). 2 years of experience in an analytical role (experience in People/HR analytics is a significant advantage). Strong technical skills: PowerApps (Power BI, Power Query, Power Automate) , Advanced Excel, and Advanced PowerPoint. Superb analytical skills with hands-on experience in cleaning, manipulating, and combining large datasets. Excellent written and verbal communication skills with the ab…",51.10789,HR Data Analyst @ Antal,https://www.adzuna.pl/details/5834199195?utm_medium=api&utm_source=227b256d,Antal,2026-08-09 03:47:31+00:00,"Wrocław, dolnośląskie",,,full_time,IT,it-jobs
5862333297,0,17.03854,"Overview At QIAGEN, we are driven by a simple but powerful vision: making improvements in life possible. We’re dedicated to revolutionizing science and healthcare for the better. From our entrepreneurial roots to our current global presence, we've grown into a force for positive change. With thousands of employees across six continents, collaboration is our greatest strength. We’re always striving to identify talented individuals to join our exceptional teams. We have played a pivotal role in s…",51.10789,"(Associate) Specialist, Data Analyst & Analytics Engineering",https://www.adzuna.pl/details/5862333297?utm_medium=api&utm_source=227b256d,QIAGEN Wroclawz.o.o.,2026-08-30 17:49:33+00:00,"Wrocław, dolnośląskie",,,full_time,"PR, reklama, marketing",pr-advertising-marketing-jobs
5888927985,0,17.03854,"Data Scientist / Data Analyst (m/k/n) Miejsce pracy: Wrocław Technologie, których używamy Wymagane Python HTML CSS JavaScript Git O projekcie Poszukujemy doświadczonego Data Scientista do międzynarodowego projektu realizowanego dla dużej organizacji sektora publicznego na poziomie europejskim. Osoba na tym stanowisku będzie odpowiedzialna za pozyskiwanie, integrację i analizę danych związanych z europejską bioekonomią oraz sektorem rolnym, wspierając tworzenie analiz i rekomendacji wykorzystywa…",51.10789,Data Scientist / Data Analyst (m/k/n),https://www.adzuna.pl/details/5888927985?utm_medium=api&utm_source=227b256d,UPVANTA SPÓŁKA Z OGRANICZONĄ ODPOWIEDZIALNOŚCIĄ,2026-09-18 10:16:51+00:00,"Wrocław, dolnośląskie",,,,IT,it-jobs
5899334116,0,17.03854,"As a result of the combination of the BD Biosciences and Diagnostic Solutions business with Waters Corporation (NYSE: WAT), by applying to this role, you will be applying for a position with Waters. Waters is a global leader in life sciences, dedicated to accelerating the benefits of pioneering science through analytical technologies, informatics, and service. With a focus on regulated, high-volume testing environments, Waters' innovative portfolio harnesses deep scientific expertise across bio…",51.10789,EMEA Commercial Excellence Data Analyst: Finance Integration,https://www.adzuna.pl/details/5899334116?utm_medium=api&utm_source=227b256d,BD ,2026-09-26 07:55:17+00:00,"Wrocław, dolnośląskie",,,,Unknown,unknown
5899334109,0,17.03854,"As a result of the combination of the BD Biosciences and Diagnostic Solutions business with Waters Corporation (NYSE: WAT), by applying to this role, you will be applying for a position with Waters. Waters is a global leader in life sciences, dedicated to accelerating the benefits of pioneering science through analytical technologies, informatics, and service. With a focus on regulated, high-volume testing environments, Waters' innovative portfolio harnesses deep scientific expertise across bio…",51.10789,WBD EMEA Commercial Excellence Data Analyst: Commercial Integration,https://www.adzuna.pl/details/5899334109?utm_medium=api&utm_source=227b256d,BD ,2026-09-26 07:55:17+00:00,"Wrocław, dolnośląskie",,,,Unknown,unknown
5909693638,0,17.03854,"Lead Data Analyst with Power BI (f/m/x) Miejsce pracy: Wrocław Technologie, których używamy Wymagane Power BI Microsoft Fabric SQL Python DAX Microsoft Azure Power Query Data Modeling Data Quality Data Governance Analityka ML Mile widziane MS Fabric IQ Microsoft Copilot Studio ETL DWH Databricks Snowflake O projekcie Chcesz tworzyć rozwiązania Data & Analytics, które realnie wspierają decyzje biznesowe? Dołącz do naszego Centrum Kompetencyjnego Data & Analytics i współtwórz nowoczesne rozwiązan…",51.10789,Lead Data Analyst with Power BI (f/m/x),https://www.adzuna.pl/details/5909693638?utm_medium=api&utm_source=227b256d,Sii Sp. z o.o.,2026-10-03 10:23:58+00:00,"Wrocław, dolnośląskie",,,,IT,it-jobs
5840228926,0,17.03854,"O nas Społeczność Edge One Solutions powstała z miłości do nowych technologii. Liczymy ponad 350 ekspertów, a w Grupie Euvic, której jesteśmy częścią, jest nas już 5500. Indywidualne podejście pozwala na dopasowanie projektów do umiejętności, przez co realnie wspieramy się w rozwoju kompetencji. O kliencie Nasz Klient to jeden z wiodących banków uniwersalnych w Polsce, należący do międzynarodowej grupy finansowej. Organizacja oferuje kompleksowe usługi bankowe dla klientów indywidualnych oraz b…",51.10789,Data Platform Developer and Analyst | Branża bankowa,https://www.adzuna.pl/land/ad/5840228926?se=Qgns4jnC8RG_PYTtY09nDQ&utm_medium=api&utm_source=227b256d&v=D8DD3BF1888CF9C278515BB9EDD9703383AEEDD5,Edge One Solutions Sp. z o.o,2026-08-13 12:57:47+00:00,"Wrocław, dolnośląskie",,,,IT,it-jobs
