id,title,company_id,location_id,category_id,salary_min,salary_max,salary_is_predicted,contract_time,created,description,redirect_url
5909693818,Data Analyst,1,1,1,,,0,,2026-10-03 10:24:00+00:00,"Data Analyst Miejsce pracy: Wrocław Technologies we use Expected SQL Microsoft Excel Python About the project Continuous growth and agile way of collaboration defines our Business path. Everything we do – from requirements analysis, through testing to creating new solutions – is done with passion and high-quality assurance. With an open mind and business advisory craft at hand, our innovative teams lead our international clients to success. Your responsibilities Be a part of consulting or imple…",https://www.adzuna.pl/details/5909693818?utm_medium=api&utm_source=227b256d
5855572777,Data Analyst- Tableau,2,2,2,,,0,full_time,2026-08-25 17:48:37+00:00,"Fetcherr builds responsible AI that transforms market complexity into measurable profit growth. At the core of the company is the Market Model - a proprietary AI-powered model delivering accurate, granular demand predictions with 96% forecast accuracy and real-time decision intelligence for commercial teams. Built on a glass-box architecture, it uses market data - not personal data - with full transparency into logic and outcomes. First deployed in global aviation, the technology is industry-ag…",https://www.adzuna.pl/details/5855572777?utm_medium=api&utm_source=227b256d
5849803742,Business Data Analyst,3,1,2,,,0,full_time,2026-08-20 17:49:59+00:00,"Ready for a challenge? Then Pyszne.pl might be the place for you. We’re a leading global online delivery platform, and our vision is to empower everyday convenience. Whether it’s a Friday-night feast, a post-gym poke bowl, or grabbing some groceries, our tech platform connects tens of millions of customers with hundreds of thousands of restaurant, grocery and convenience partners across the globe. About this role To make our customers and partners happy we are relying heavily on insights hidden…",https://www.adzuna.pl/details/5849803742?utm_medium=api&utm_source=227b256d
5848095644,Business Data Analyst ServiceNow,4,1,1,,,0,,2026-08-19 13:00:28+00:00,"Choosing Capgemini means choosing a company where you will be empowered to shape your career in the way you’d like, where you’ll be supported and inspired by a collaborative community of colleagues around the world, and where you’ll be able to reimagine what’s possible. Join us and help the world’s leading organizations unlock the value of technology and build a more sustainable, more inclusive world. Your role As a Business Data Analyst, you will have the opportunity to work on a wide range o …",https://www.adzuna.pl/details/5848095644?utm_medium=api&utm_source=227b256d
5834199195,HR Data Analyst @ Antal,5,1,1,,,0,full_time,2026-08-09 03:47:31+00:00,"Undergraduate degree (degree in business analytics, statistics, math, or computer science is preferred). 2 years of experience in an analytical role (experience in People/HR analytics is a significant advantage). Strong technical skills: PowerApps (Power BI, Power Query, Power Automate) , Advanced Excel, and Advanced PowerPoint. Superb analytical skills with hands-on experience in cleaning, manipulating, and combining large datasets. Excellent written and verbal communication skills with the ab…",https://www.adzuna.pl/details/5834199195?utm_medium=api&utm_source=227b256d
5829010846,Data Analyst Process Mining BI,4,1,1,,,0,,2026-08-05 12:54:52+00:00,"Choosing Capgemini means choosing a company where you will be empowered to shape your career in the way you’d like, where you’ll be supported and inspired by a collaborative community of colleagues around the world, and where you’ll be able to reimagine what’s possible. Join us and help the world’s leading organizations unlock the value of technology and build a more sustainable, more inclusive world. Your role As a Data Analyst you will lead complex process mining programs and ensure high-qual…",https://www.adzuna.pl/details/5829010846?utm_medium=api&utm_source=227b256d
5862333297,"(Associate) Specialist, Data Analyst & Analytics Engineering",6,1,3,,,0,full_time,2026-08-30 17:49:33+00:00,"Overview At QIAGEN, we are driven by a simple but powerful vision: making improvements in life possible. We’re dedicated to revolutionizing science and healthcare for the better. From our entrepreneurial roots to our current global presence, we've grown into a force for positive change. With thousands of employees across six continents, collaboration is our greatest strength. We’re always striving to identify talented individuals to join our exceptional teams. We have played a pivotal role in s…",https://www.adzuna.pl/details/5862333297?utm_medium=api&utm_source=227b256d
5888927985,Data Scientist / Data Analyst (m/k/n),7,1,1,,,0,,2026-09-18 10:16:51+00:00,"Data Scientist / Data Analyst (m/k/n) Miejsce pracy: Wrocław Technologie, których używamy Wymagane Python HTML CSS JavaScript Git O projekcie Poszukujemy doświadczonego Data Scientista do międzynarodowego projektu realizowanego dla dużej organizacji sektora publicznego na poziomie europejskim. Osoba na tym stanowisku będzie odpowiedzialna za pozyskiwanie, integrację i analizę danych związanych z europejską bioekonomią oraz sektorem rolnym, wspierając tworzenie analiz i rekomendacji wykorzystywa…",https://www.adzuna.pl/details/5888927985?utm_medium=api&utm_source=227b256d
5899334116,EMEA Commercial Excellence Data Analyst: Finance Integration,8,1,2,,,0,,2026-09-26 07:55:17+00:00,"As a result of the combination of the BD Biosciences and Diagnostic Solutions business with Waters Corporation (NYSE: WAT), by applying to this role, you will be applying for a position with Waters. Waters is a global leader in life sciences, dedicated to accelerating the benefits of pioneering science through analytical technologies, informatics, and service. With a focus on regulated, high-volume testing environments, Waters' innovative portfolio harnesses deep scientific expertise across bio…",https://www.adzuna.pl/details/5899334116?utm_medium=api&utm_source=227b256d
5880102930,Data Analyst - Control Management & Risk (f/m/x),9,1,4,,,0,,2026-09-11 22:07:32+00:00,"Data Analyst - Control Management & Risk (f/m/x) Miejsce pracy: Wrocław Your responsibilities Analyze large and complex datasets to identify trends, risks, and opportunities Develop dashboards, reports, and management information solutions Transform data into actionable insights and recommendations for senior stakeholders Design and enhance key risk, performance, and control metrics Support data-driven decision-making across global teams Collaborate with Data Engineers and business stakeholders…",https://www.adzuna.pl/details/5880102930?utm_medium=api&utm_source=227b256d
5899334109,WBD EMEA Commercial Excellence Data Analyst: Commercial Integration,8,1,2,,,0,,2026-09-26 07:55:17+00:00,"As a result of the combination of the BD Biosciences and Diagnostic Solutions business with Waters Corporation (NYSE: WAT), by applying to this role, you will be applying for a position with Waters. Waters is a global leader in life sciences, dedicated to accelerating the benefits of pioneering science through analytical technologies, informatics, and service. With a focus on regulated, high-volume testing environments, Waters' innovative portfolio harnesses deep scientific expertise across bio…",https://www.adzuna.pl/details/5899334109?utm_medium=api&utm_source=227b256d
5909693638,Lead Data Analyst with Power BI (f/m/x),9,1,1,,,0,,2026-10-03 10:23:58+00:00,"Lead Data Analyst with Power BI (f/m/x) Miejsce pracy: Wrocław Technologie, których używamy Wymagane Power BI Microsoft Fabric SQL Python DAX Microsoft Azure Power Query Data Modeling Data Quality Data Governance Analityka ML Mile widziane MS Fabric IQ Microsoft Copilot Studio ETL DWH Databricks Snowflake O projekcie Chcesz tworzyć rozwiązania Data & Analytics, które realnie wspierają decyzje biznesowe? Dołącz do naszego Centrum Kompetencyjnego Data & Analytics i współtwórz nowoczesne rozwiązan…",https://www.adzuna.pl/details/5909693638?utm_medium=api&utm_source=227b256d
5818296173,Mid Senior Data Analyst with Python f m d,10,1,1,,,0,,2026-07-28 12:50:56+00:00,"HYBRID WORK MODEL: 3 DAYS PER WEEK (60%) IN OUR WROCLAW OFFICE AND 2 DAYS REMOTE About us Hi, we are Ten Square Games, and we live games! No, not a typo - but a level up from loving! We are on a mission of giving players excellent outdoor experiences on their mobiles. With global hits, such as Fishing Clash, we know how to make the best of technology, fun, and fair play. With 77 million registered players in 2024 and 300 people on board, we keep growing and learning, having the insatiable hunge…",https://www.adzuna.pl/details/5818296173?utm_medium=api&utm_source=227b256d
5840228634,Data Platform Developer-Analyst,11,1,1,277200.0,327600.0,0,,2026-08-13 12:57:07+00:00,"Do zespołu Data Platform poszukujemy programisty-analityka, który nie tylko będzie budował nowoczesne rozwiązania oparte na Apache Kafka, Kafka Connect, Spring Boot, MongoDB, GraphQL i Apache Iceberg, ale także będzie odpowiedzialny za analizę wymagań biznesowych oraz mapowanie danych pomiędzy systemami źródłowymi, platformą streamingową i bazą ODS opartą o MongoDB i usługi graphQL. Idealny kandydat potrafi rozmawiać z interesariuszami, przekształcać ich potrzeby w techniczne specyfikacje oraz …",https://www.adzuna.pl/details/5840228634?utm_medium=api&utm_source=227b256d
5840228926,Data Platform Developer and Analyst | Branża bankowa,12,1,1,,,0,,2026-08-13 12:57:47+00:00,"O nas Społeczność Edge One Solutions powstała z miłości do nowych technologii. Liczymy ponad 350 ekspertów, a w Grupie Euvic, której jesteśmy częścią, jest nas już 5500. Indywidualne podejście pozwala na dopasowanie projektów do umiejętności, przez co realnie wspieramy się w rozwoju kompetencji. O kliencie Nasz Klient to jeden z wiodących banków uniwersalnych w Polsce, należący do międzynarodowej grupy finansowej. Organizacja oferuje kompleksowe usługi bankowe dla klientów indywidualnych oraz b…",https://www.adzuna.pl/details/5840228926?utm_medium=api&utm_source=227b256d
5888928073,BI Data Engineer – ETL / Data Warehouse / Lakehouse (m/k/n),7,1,1,,,0,,2026-09-18 10:16:52+00:00,"BI Data Engineer – ETL / Data Warehouse / Lakehouse (m/k/n) Miejsce pracy: Wrocław Technologie, których używamy Wymagane Data Lakehouse O projekcie Dla jednego z naszych klientów szukamy BI Data Engineera, który będzie odpowiedzialny za projektowanie i rozwój procesów ETL/ELT, hurtowni danych, architektury Data Lakehouse oraz rozwiązań BI. To rola łącząca Data Engineering, Business Intelligence, Data Warehousing i Data Governance. Będziesz pracować zarówno nad warstwą danych i pipeline'ami, jak…",https://www.adzuna.pl/details/5888928073?utm_medium=api&utm_source=227b256d
