redirect_url,salary_is_predicted,created,description,title,id,salary_max,salary_min,contract_time,company_id,location_id,category_id
https://www.adzuna.pl/land/ad/5848095644?se=TiQOCB288RGMc9Dtpp5SNw&utm_medium=api&utm_source=227b256d&v=8FAED619E58209EA0E9F71C262970F25A0B8BDAC,0,2026-08-19 13:00:28+00:00,"Choosing Capgemini means choosing a company where you will be empowered to shape your career in the way you’d like, where you’ll be supported and inspired by a collaborative community of colleagues around the world, and where you’ll be able to reimagine what’s possible. Join us and help the world’s leading organizations unlock the value of technology and build a more sustainable, more inclusive world. Your role As a Business Data Analyst, you will have the opportunity to work on a wide range o …",Business Data Analyst ServiceNow,5848095644,,,,1,1,1
https://www.adzuna.pl/land/ad/5829010846?se=TiQOCB288RGMc9Dtpp5SNw&utm_medium=api&utm_source=227b256d&v=AD90223EFBCB6CE59CB25518804926466BEFD376,0,2026-08-05 12:54:52+00:00,"Choosing Capgemini means choosing a company where you will be empowered to shape your career in the way you’d like, where you’ll be supported and inspired by a collaborative community of colleagues around the world, and where you’ll be able to reimagine what’s possible. Join us and help the world’s leading organizations unlock the value of technology and build a more sustainable, more inclusive world. Your role As a Data Analyst you will lead complex process mining programs and ensure high-qual…",Data Analyst Process Mining BI,5829010846,,,,1,1,1
https://www.adzuna.pl/land/ad/5818296173?se=TiQOCB288RGMc9Dtpp5SNw&utm_medium=api&utm_source=227b256d&v=DABFDEF7C6A4720C47F53CA7282DBC67DD4F393A,0,2026-07-28 12:50:56+00:00,"HYBRID WORK MODEL: 3 DAYS PER WEEK (60%) IN OUR WROCLAW OFFICE AND 2 DAYS REMOTE About us Hi, we are Ten Square Games, and we live games! No, not a typo - but a level up from loving! We are on a mission of giving players excellent outdoor experiences on their mobiles. With global hits, such as Fishing Clash, we know how to make the best of technology, fun, and fair play. With 77 million registered players in 2024 and 300 people on board, we keep growing and learning, having the insatiable hunge…",Mid Senior Data Analyst with Python f m d,5818296173,,,,2,1,1
https://www.adzuna.pl/land/ad/5840228634?se=TiQOCB288RGMc9Dtpp5SNw&utm_medium=api&utm_source=227b256d&v=70C956C30CDE95A9131A4FCA706F6B05B5716374,0,2026-08-13 12:57:07+00:00,"Do zespołu Data Platform poszukujemy programisty-analityka, który nie tylko będzie budował nowoczesne rozwiązania oparte na Apache Kafka, Kafka Connect, Spring Boot, MongoDB, GraphQL i Apache Iceberg, ale także będzie odpowiedzialny za analizę wymagań biznesowych oraz mapowanie danych pomiędzy systemami źródłowymi, platformą streamingową i bazą ODS opartą o MongoDB i usługi graphQL. Idealny kandydat potrafi rozmawiać z interesariuszami, przekształcać ich potrzeby w techniczne specyfikacje oraz …",Data Platform Developer-Analyst,5840228634,327600.0,277200.0,,3,1,1
https://www.adzuna.pl/details/5855572777?utm_medium=api&utm_source=227b256d,0,2026-08-25 17:48:37+00:00,"Fetcherr builds responsible AI that transforms market complexity into measurable profit growth. At the core of the company is the Market Model - a proprietary AI-powered model delivering accurate, granular demand predictions with 96% forecast accuracy and real-time decision intelligence for commercial teams. Built on a glass-box architecture, it uses market data - not personal data - with full transparency into logic and outcomes. First deployed in global aviation, the technology is industry-ag…",Data Analyst- Tableau,5855572777,,,full_time,4,2,2
https://www.adzuna.pl/details/5849803742?utm_medium=api&utm_source=227b256d,0,2026-08-20 17:49:59+00:00,"Ready for a challenge? Then Pyszne.pl might be the place for you. We’re a leading global online delivery platform, and our vision is to empower everyday convenience. Whether it’s a Friday-night feast, a post-gym poke bowl, or grabbing some groceries, our tech platform connects tens of millions of customers with hundreds of thousands of restaurant, grocery and convenience partners across the globe. About this role To make our customers and partners happy we are relying heavily on insights hidden…",Business Data Analyst,5849803742,,,full_time,5,1,2
https://www.adzuna.pl/details/5834199195?utm_medium=api&utm_source=227b256d,0,2026-08-09 03:47:31+00:00,"Undergraduate degree (degree in business analytics, statistics, math, or computer science is preferred). 2 years of experience in an analytical role (experience in People/HR analytics is a significant advantage). Strong technical skills: PowerApps (Power BI, Power Query, Power Automate) , Advanced Excel, and Advanced PowerPoint. Superb analytical skills with hands-on experience in cleaning, manipulating, and combining large datasets. Excellent written and verbal communication skills with the ab…",HR Data Analyst @ Antal,5834199195,,,full_time,6,1,1
https://www.adzuna.pl/details/5862333297?utm_medium=api&utm_source=227b256d,0,2026-08-30 17:49:33+00:00,"Overview At QIAGEN, we are driven by a simple but powerful vision: making improvements in life possible. We’re dedicated to revolutionizing science and healthcare for the better. From our entrepreneurial roots to our current global presence, we've grown into a force for positive change. With thousands of employees across six continents, collaboration is our greatest strength. We’re always striving to identify talented individuals to join our exceptional teams. We have played a pivotal role in s…","(Associate) Specialist, Data Analyst & Analytics Engineering",5862333297,,,full_time,7,1,3
https://www.adzuna.pl/details/5888927985?utm_medium=api&utm_source=227b256d,0,2026-09-18 10:16:51+00:00,"Data Scientist / Data Analyst (m/k/n) Miejsce pracy: Wrocław Technologie, których używamy Wymagane Python HTML CSS JavaScript Git O projekcie Poszukujemy doświadczonego Data Scientista do międzynarodowego projektu realizowanego dla dużej organizacji sektora publicznego na poziomie europejskim. Osoba na tym stanowisku będzie odpowiedzialna za pozyskiwanie, integrację i analizę danych związanych z europejską bioekonomią oraz sektorem rolnym, wspierając tworzenie analiz i rekomendacji wykorzystywa…",Data Scientist / Data Analyst (m/k/n),5888927985,,,,8,1,1
https://www.adzuna.pl/details/5899334116?utm_medium=api&utm_source=227b256d,0,2026-09-26 07:55:17+00:00,"As a result of the combination of the BD Biosciences and Diagnostic Solutions business with Waters Corporation (NYSE: WAT), by applying to this role, you will be applying for a position with Waters. Waters is a global leader in life sciences, dedicated to accelerating the benefits of pioneering science through analytical technologies, informatics, and service. With a focus on regulated, high-volume testing environments, Waters' innovative portfolio harnesses deep scientific expertise across bio…",EMEA Commercial Excellence Data Analyst: Finance Integration,5899334116,,,,9,1,2
https://www.adzuna.pl/details/5880102930?utm_medium=api&utm_source=227b256d,0,2026-09-11 22:07:32+00:00,"Data Analyst - Control Management & Risk (f/m/x) Miejsce pracy: Wrocław Your responsibilities Analyze large and complex datasets to identify trends, risks, and opportunities Develop dashboards, reports, and management information solutions Transform data into actionable insights and recommendations for senior stakeholders Design and enhance key risk, performance, and control metrics Support data-driven decision-making across global teams Collaborate with Data Engineers and business stakeholders…",Data Analyst - Control Management & Risk (f/m/x),5880102930,,,,10,1,4
https://www.adzuna.pl/details/5899334109?utm_medium=api&utm_source=227b256d,0,2026-09-26 07:55:17+00:00,"As a result of the combination of the BD Biosciences and Diagnostic Solutions business with Waters Corporation (NYSE: WAT), by applying to this role, you will be applying for a position with Waters. Waters is a global leader in life sciences, dedicated to accelerating the benefits of pioneering science through analytical technologies, informatics, and service. With a focus on regulated, high-volume testing environments, Waters' innovative portfolio harnesses deep scientific expertise across bio…",WBD EMEA Commercial Excellence Data Analyst: Commercial Integration,5899334109,,,,9,1,2
https://www.adzuna.pl/land/ad/5840228926?se=TiQOCB288RGMc9Dtpp5SNw&utm_medium=api&utm_source=227b256d&v=D8DD3BF1888CF9C278515BB9EDD9703383AEEDD5,0,2026-08-13 12:57:47+00:00,"O nas Społeczność Edge One Solutions powstała z miłości do nowych technologii. Liczymy ponad 350 ekspertów, a w Grupie Euvic, której jesteśmy częścią, jest nas już 5500. Indywidualne podejście pozwala na dopasowanie projektów do umiejętności, przez co realnie wspieramy się w rozwoju kompetencji. O kliencie Nasz Klient to jeden z wiodących banków uniwersalnych w Polsce, należący do międzynarodowej grupy finansowej. Organizacja oferuje kompleksowe usługi bankowe dla klientów indywidualnych oraz b…",Data Platform Developer and Analyst | Branża bankowa,5840228926,,,,11,1,1
https://www.adzuna.pl/details/5849363483?utm_medium=api&utm_source=227b256d,0,2026-08-20 10:01:02+00:00,"Data Platform Developer-Analyst Miejsce pracy: Wrocław Technologie, których używamy Wymagane Apache Kafka SQL Java Spring Boot Spring Framework MongoDB GraphQL Python Prometheus Grafana OpenTelemetry Jira Confluence O projekcie Dołącz do NATEK Polska jako Data Platform Developer-Analyst i wesprzyj realizację projektów dla jednego z naszych klientów w branży bankowej. Tak organizujemy naszą pracę Tak pracujemy u klienta Twój zakres obowiązków Współpraca z analitykami i zespołami IT w zakresie an…",Data Platform Developer-Analyst,5849363483,,,,12,1,1
https://www.adzuna.pl/details/5888928073?utm_medium=api&utm_source=227b256d,0,2026-09-18 10:16:52+00:00,"BI Data Engineer – ETL / Data Warehouse / Lakehouse (m/k/n) Miejsce pracy: Wrocław Technologie, których używamy Wymagane Data Lakehouse O projekcie Dla jednego z naszych klientów szukamy BI Data Engineera, który będzie odpowiedzialny za projektowanie i rozwój procesów ETL/ELT, hurtowni danych, architektury Data Lakehouse oraz rozwiązań BI. To rola łącząca Data Engineering, Business Intelligence, Data Warehousing i Data Governance. Będziesz pracować zarówno nad warstwą danych i pipeline'ami, jak…",BI Data Engineer – ETL / Data Warehouse / Lakehouse (m/k/n),5888928073,,,,8,1,1
https://www.adzuna.pl/details/5833045617?utm_medium=api&utm_source=227b256d,0,2026-08-08 07:36:53+00:00,"We are the people who give possibilities purpose BD is one of the largest global medical technology companies in the world. Advancing the world of health is our Purpose, and it's no small feat. It takes the imagination and passion of all of us-from design and engineering to the manufacturing and marketing of our billions of MedTech products per year-to look at the impossible and find transformative solutions that turn dreams into possibilities. Job Description Team Overview The Global Finance S…","Analyst, Finance Master Data Management - Fixed Term Contract until 31/12/2027",5833045617,,,,9,1,2
